{
    "5.7 - Deflactor impl\u00edcito por clase de actividad econ\u00f3mica": [],
    "Unnamed: 1": [
        1996,
        101.3712366382,
        100.1796339957,
        97.011027278,
        100.9509658247,
        100.2266666667,
        99.9053478467,
        100.2997355275,
        101.2252178948,
        103.0480656506,
        102.1345077062,
        110.5061801059
    ],
    "Unnamed: 2": [
        1997.0,
        100.0001021915,
        100.0,
        100.0,
        100.0,
        100.0,
        100.0,
        100.0,
        100.0,
        100.0,
        100.0004032835,
        100.0
    ],
    "Unnamed: 3": [
        1998.0,
        101.2992090473,
        100.5556620042,
        104.608,
        101.9239782527,
        101.6688829787,
        99.2745892895,
        101.8037553595,
        100.4355684613,
        99.7287626962,
        101.8290995629,
        107.1470937129
    ],
    "Unnamed: 4": [
        1999.0,
        105.1375332501,
        99.393488585,
        109.7226550327,
        103.0301042828,
        100.4517047212,
        101.5393724097,
        103.3073440644,
        105.4038546418,
        101.6133162612,
        110.0788151695,
        116.2672258838
    ],
    "Unnamed: 5": [
        2000.0,
        106.968149701,
        105.7993812595,
        99.0173139916,
        104.3705166857,
        100.5366215676,
        105.0891920252,
        112.328821815,
        104.1734491485,
        102.6049865434,
        113.1819940668,
        114.7997678468
    ],
    "Unnamed: 6": [
        2001.0,
        107.4547896515,
        105.0465152539,
        105.4814455494,
        106.4970924152,
        103.8055605814,
        108.9634884928,
        108.6757990868,
        105.5074476308,
        94.4848514041,
        114.1579954145,
        120.1908738443
    ],
    "Unnamed: 7": [
        2002.0,
        112.3259041281,
        106.4775817028,
        112.273511648,
        107.7321525544,
        106.0171742757,
        95.7594188207,
        112.5414120592,
        110.7861388935,
        95.5787169237,
        126.1988795151,
        94.2114589486
    ],
    "Unnamed: 8": [
        2003.0,
        115.6659267302,
        107.3935228574,
        122.3823654091,
        108.892156236,
        106.2381628788,
        97.8378378378,
        113.127911143,
        113.7845408619,
        97.1776109474,
        132.6504247358,
        98.0132450331
    ],
    "Unnamed: 9": [
        2004,
        116.3668374465,
        108.6667359451,
        125.8114717652,
        109.4317260308,
        108.0284115368,
        98.0174731183,
        113.7632865101,
        114.8054124964,
        98.8902477692,
        131.5706376215,
        87.3507297656
    ],
    "Unnamed: 10": [],
    "5.7 - Deflactor impl\u00edcito por clase de actividad econ\u00f3mica.1": [],
    "Unnamed: 12": [
        2005,
        116.8091251608,
        112.5889112591,
        68.1298028771,
        119.1955396256,
        94.7988947495,
        113.253770424,
        95.5508948617,
        108.5613243374,
        117.5877191613,
        114.6951447174,
        115.659664632,
        89.7022208943,
        106.0959048153,
        101.2363531198,
        162.7477555732,
        133.0711375744,
        127.1574468166,
        105.3052664285,
        172.064259542,
        93.4733257662
    ],
    "Unnamed: 13": [
        2006.0,
        128.9170467489,
        116.390524442,
        69.9489423778,
        122.0186915888,
        97.3161033797,
        129.6167969118,
        162.6754748142,
        109.1683103222,
        140.7650650997,
        116.7724049688,
        116.3612750219,
        90.3023495273,
        118.3164267016,
        118.244618516,
        183.6948391922,
        143.1314306712,
        135.2626467732,
        117.5473643511,
        227.8308097433,
        89.802130898
    ],
    "Unnamed: 14": [
        2007.0,
        133.5448792593,
        124.8955052963,
        78.1922525108,
        123.4638878908,
        100.6687242798,
        142.0396649,
        174.1120636865,
        115.726618705,
        145.8982862822,
        120.1840459606,
        121.068831927,
        93.1081776101,
        120.0778388278,
        103.5953615757,
        138.0693405846,
        140.1453300788,
        134.322083382,
        130.4978195616,
        258.1497797357,
        101.3042811109
    ],
    "Unnamed: 15": [
        2008.0,
        133.0847736589,
        125.8909256518,
        77.5654635527,
        126.5924121128,
        103.4651266104,
        141.5549903812,
        156.6798539257,
        115.9901685393,
        141.2509565716,
        122.0274073732,
        122.602637472,
        93.1781178769,
        121.2504679895,
        105.1122898093,
        139.5628415301,
        153.4332662278,
        128.4069570172,
        132.8298086606,
        258.3659846176,
        128.3524355301
    ],
    "Unnamed: 16": [
        2009.0,
        133.9287640498,
        127.9338842975,
        149.3670886076,
        128.0575539568,
        107.6576576577,
        146.2631154157,
        151.0574018127,
        117.9120111732,
        138.6314783855,
        118.4067085954,
        125.0849927149,
        77.5723472669,
        121.6840536513,
        113.2944915254,
        134.9753694581,
        159.6354864648,
        123.5220440882,
        150.0833796554,
        256.6712517194,
        141.7607223476
    ],
    "Unnamed: 17": [
        2010.0,
        135.5386527886,
        129.5005807201,
        158.3333333333,
        143.9597315436,
        223.8341968912,
        152.8916428344,
        158.5253456221,
        121.1241041117,
        141.2439967202,
        121.0629152013,
        125.8049242424,
        82.1742605915,
        124.6488764045,
        108.2769390942,
        130.2752293578,
        154.1420877148,
        118.7855787476,
        156.2661165549,
        265.1515151515,
        142.4242424242
    ],
    "Unnamed: 18": [
        2011,
        141.3990285094,
        132.8168234643,
        167.3076923077,
        145.5445544554,
        223.645320197,
        154.877675841,
        159.4917787743,
        132.8315703824,
        144.0581963572,
        114.6953405018,
        127.8272789582,
        82.4644549763,
        122.9463679566,
        159.9487179487,
        115.3191489362,
        175.6500541712,
        130.9368191721,
        155.0945378151,
        203.1165311653,
        128.078817734
    ],
    "Unnamed: 19": [
        2012.0,
        145.5194779356,
        149.4771601541,
        181.8181818182,
        146.6019417476,
        230.7339449541,
        168.9644837404,
        163.6103151862,
        135.9912216533,
        145.5772272008,
        109.2087312415,
        129.9698795181,
        83.8050314465,
        119.6555819477,
        165.2642380708,
        134.9206349206,
        181.6722972973,
        136.4664230242,
        137.7368421053,
        232.1038251366,
        138.0872483221
    ],
    "Unnamed: 20": [
        2013.0,
        149.3871386248,
        153.5226077813,
        186.2068965517,
        151.6556291391,
        231.914893617,
        170.5354516034,
        166.9889502762,
        137.4110471027,
        149.7102775236,
        110.8963678774,
        132.4437030859,
        85.4700854701,
        120.9033005211,
        169.878296146,
        140.4580152672,
        184.8057553957,
        147.6617696535,
        132.3618090452,
        239.9214659686,
        138.1395348837
    ],