{
    "Unnamed: 12": [
        2005,
        36507.2814440637,
        1579.6043259595,
        120.9006052,
        251.1,
        223.2933137664,
        5042.9641965264,
        585.4022526,
        2209.057765495,
        6710.4424801164,
        1893,
        3245.0326175,
        1004.1,
        1223.9838869,
        1383.1,
        125.6,
        3191,
        5051.2,
        1287.4,
        851.5,
        528.6
    ],
    "Unnamed: 13": [
        2006.0,
        40912.2,
        1460.6,
        137.1,
        267.5,
        201.2,
        5310.5,
        605.5,
        3042.0,
        8679.0,
        1875.7,
        3541.9,
        1068.3,
        1222.4,
        1621.3,
        133.7,
        3265.6,
        5663.5,
        1551.8,
        607.6,
        657.0
    ],
    "Unnamed: 14": [
        2007.0,
        43883.3,
        1746.5,
        139.4,
        278.3,
        194.4,
        5849.0,
        653.2,
        2780.0,
        8653.7,
        1966.9,
        3768.6,
        1166.6,
        1310.4,
        1716.1,
        147.1,
        3564.3,
        6850.4,
        1765.7,
        681.0,
        651.7
    ],
    "Unnamed: 15": [
        2008.0,
        45689.9,
        1756.6,
        141.3,
        287.3,
        225.1,
        6133.8,
        657.2,
        2848.0,
        8363.2,
        2167.3,
        4019.0,
        1228.4,
        1335.5,
        1772.2,
        183.0,
        3675.8,
        7721.7,
        1787.4,
        689.1,
        698.0
    ],
    "Unnamed: 16": [
        2009.0,
        46353.0,
        1815.0,
        79.0,
        278.0,
        222.0,
        6195.0,
        662.0,
        2864.0,
        8374.0,
        2385.0,
        4118.0,
        1244.0,
        1342.0,
        1888.0,
        203.0,
        3731.0,
        7984.0,
        1799.0,
        727.0,
        443.0
    ],
    "Unnamed: 17": [
        2010,
        47461,
        1722,
        60,
        298,
        193,
        6294,
        651,
        2651,
        8537,
        2559,
        4224,
        1251,
        1424,
        1921,
        218,
        3899,
        8432,
        1939,
        726,
        462
    ],
    "Unnamed: 18": [
        2011.0,
        48791.0,
        1807.0,
        52.0,
        303.0,
        203.0,
        6540.0,
        669.0,
        2458.0,
        9004.0,
        2790.0,
        4377.0,
        1266.0,
        1473.0,
        1950.0,
        235.0,
        3692.0,
        8721.0,
        1904.0,
        738.0,
        609.0
    ],
    "Unnamed: 19": [
        2012.0,
        50262.0,
        1817.0,
        55.0,
        309.0,
        218.0,
        6673.0,
        698.0,
        2734.0,
        9485.0,
        2932.0,
        4648.0,
        1272.0,
        1684.0,
        1949.0,
        252.0,
        3552.0,
        8756.0,
        1900.0,
        732.0,
        596.0
    ],
    "Unnamed: 20": [
        2013.0,
        51643.0,
        1902.0,
        58.0,
        302.0,
        235.0,
        6798.0,
        724.0,
        2951.0,
        9837.0,
        3001.0,
        4796.0,
        1287.0,
        1727.0,
        1972.0,
        262.0,
        3475.0,
        8917.0,
        1990.0,
        764.0,
        645.0
    ],
    "Unnamed: 21": [
        2014.0,
        52184.0,
        1945.0,
        59.0,
        300.0,
        245.0,
        6534.0,
        729.0,
        2883.0,
        10158.0,
        3094.0,
        5002.0,
        1339.0,
        1815.0,
        1961.0,
        262.0,
        3370.0,
        9095.0,
        2038.0,
        780.0,
        575.0
    ],
    "Unnamed: 22": [
        2015.0,
        54500.1,
        1993.1,
        60.8,
        293.5,
        288.6,
        6915.6,
        759.8,
        3373.7,
        10712.0,
        3374.3,
        5328.0,
        1392.5,
        1884.1,
        1921.4,
        254.9,
        3299.6,
        9204.0,
        1954.7,
        835.8,
        653.7
    ],
    "Unnamed: 23": [
        2016.0,
        54779.6,
        2113.4,
        59.8,
        282.7,
        232.6,
        6597.3,
        768.6,
        3530.7,
        10449.4,
        3780.1,
        5506.7,
        1430.1,
        1925.6,
        1961.9,
        260.7,
        3390.3,
        9183.2,
        1918.4,
        853.4,
        534.7
    ],
    "Unnamed: 24": [
        2017.0,
        55770.9966936018,
        2082.6,
        59.9956409041,
        278.6687730456,
        278.5372407688,
        6477.7,
        778.6998221761,
        3849.3,
        10518.7,
        4067.6806088104,
        5708.1900215055,
        1405.8098211523,
        1967.9123044,
        2006.0386850994,
        257.5,
        3338.6810927762,
        9497.4693951735,
        1927.2524736358,
        821.1153576404,
        449.1454565136
    ],
    "Unnamed: 25": [
        2018.0,
        57024.7,
        2137.4,
        62.3,
        268.9,
        156.7,
        6537.7,
        788.1,
        4205.8,
        10770.9,
        3922.1,
        6072.9,
        1448.4,
        1999.4,
        2008.5,
        269.4,
        3331.1,
        9785.1,
        1956.3,
        834.3,
        469.4
    ],
    "Unnamed: 26": [
        2019.0,
        56931.7,
        1903.7,
        55.0,
        230.0,
        206.0,
        6080.0,
        783.0,
        4224.0,
        10249.0,
        4048.0,
        6197.0,
        1440.0,
        2025.0,
        2021.0,
        263.0,
        3334.0,
        10561.0,
        1992.0,
        879.0,
        441.0
    ],
    "Unnamed: 27": [
        2020.0,
        50698.2,
        1456.6,
        53.1,
        231.7,
        183.4,
        5187.1,
        736.0,
        4245.3,
        9001.1,
        3057.8,
        5902.6,
        1392.3,
        2003.1,
        1984.2,
        263.7,
        2375.3,
        9530.9,
        1821.1,
        854.7,
        418.2
    ],
    "Unnamed: 28": [
        2021.0,
        51333.8,
        1262.4,
        48.7,
        229.0,
        125.0,
        4398.4,
        696.7,
        4419.6,
        8397.6,
        3218.7,
        6248.6,
        1385.4,
        2033.2,
        2045.7,
        274.8,
        2598.6,
        10891.5,
        1804.0,
        858.1,
        397.8
    ],
    "Unnamed: 29": [
        2022,
        52244.9,
        1195.4,
        36.1,
        193.9,
        83,
        4134.2,
        604.9,
        4188.5,
        7983.2,
        3983.2,
        7860.9,
        1360.1,
        2130.8,
        1964.6,
        262.4,
        3968.5,
        9081.7,
        2028.8,
        828.1,
        356.6
    ]
}