{
    "Unnamed: 1": [
        [
            1997,
            "A\u00f1o anterior = 100",
            98.6474127256,
            99.8206881094,
            103.0810649118,
            99.0579923462,
            99.7738459492,
            100.0947418285,
            99.7011602016,
            98.7896119957,
            97.0420932878,
            97.910496197,
            90.4926764314
        ],
        [
            2005,
            "A\u00f1o anterior = 100",
            100.4,
            101.1,
            100.4,
            100.5,
            101.6,
            100.8,
            97.5,
            100.5,
            102.6,
            99.9,
            101,
            100.4,
            100.1,
            101.2,
            103.2,
            97.1,
            92.1,
            93.9,
            105.5,
            107
        ]
    ],
    "Unnamed: 2": [
        [
            1998.0,
            101.2991055281,
            100.5556620042,
            104.608,
            101.9239782527,
            101.6688829787,
            99.2745892895,
            101.8037553595,
            100.4355684613,
            99.7287626962,
            101.8286889046,
            107.1470937129
        ],
        [
            2006.0,
            110.4,
            103.4,
            102.7,
            102.4,
            102.7,
            114.4,
            170.3,
            100.6,
            119.7,
            101.8,
            100.6,
            100.7,
            111.5,
            116.8,
            112.9,
            107.6,
            106.4,
            111.6,
            132.4,
            96.1
        ]
    ],
    "Unnamed: 3": [
        [
            1999.0,
            103.7890959258,
            98.8442486519,
            104.889353618,
            101.0852461306,
            98.8028015831,
            102.2813321479,
            101.476948173,
            104.9467397423,
            101.8896790796,
            108.1015305467,
            108.5117867922
        ],
        [
            2007.0,
            103.5897754619,
            107.3072794328,
            111.784753068,
            101.1844056703,
            103.4450833764,
            109.5843041058,
            107.0303092002,
            106.0075202809,
            103.6466584794,
            102.9216157642,
            104.0456388126,
            103.1071484823,
            101.488729989,
            87.6110582247,
            75.1623405381,
            97.9137352443,
            99.3046392233,
            111.0172229569,
            113.3076689788,
            112.808326593
        ]
    ],
    "Unnamed: 4": [
        [
            2000.0,
            101.7411635923,
            106.4449822274,
            90.2432719679,
            101.3009910184,
            100.0845349978,
            103.4960031082,
            108.732658682,
            98.8326750502,
            100.9759255172,
            102.8190518698,
            98.7378575296
        ],
        [
            2008.0,
            99.7,
            100.8,
            99.2,
            102.5,
            102.8,
            99.7,
            90.0,
            100.2,
            96.8,
            101.5,
            101.3,
            100.1,
            101.0,
            101.5,
            101.1,
            109.5,
            95.6,
            101.8,
            100.1,
            126.7
        ]
    ],
    "Unnamed: 5": [
        [
            2001.0,
            100.4549391121,
            99.2884022603,
            106.5282840921,
            102.0375253443,
            103.2514908128,
            103.6866745219,
            96.7479203741,
            101.2805551637,
            92.0860228992,
            100.862329168,
            104.6960948603
        ],
        [
            2009.0,
            100.6340331797,
            101.6352232496,
            191.673664492,
            101.0880196398,
            103.8779741528,
            103.312631271,
            96.3821893155,
            101.6427054116,
            98.1515673032,
            97.015700639,
            102.0217482268,
            83.2421669137,
            100.3936642345,
            107.777870234,
            96.7815562986,
            104.0457854302,
            96.2008059825,
            113.0059703795,
            99.4284116578,
            110.4713978743
        ]
    ],
    "Unnamed: 6": [
        [
            2002.0,
            104.5331757593,
            101.3623169179,
            106.439109801,
            101.1597125435,
            102.130534898,
            87.8821155098,
            103.5570136175,
            105.0031456369,
            101.1577152351,
            110.5475609105,
            78.3848689466
        ],
        [
            2010.0,
            101.2020485295,
            101.2246141288,
            106.0028248588,
            112.4179926099,
            207.9129360245,
            104.5319200264,
            104.9437788018,
            102.7241439668,
            101.8845058605,
            102.2432906356,
            100.5755538789,
            105.93241469,
            102.4364924279,
            95.5712300186,
            96.5177794147,
            96.5587859745,
            96.1654898318,
            104.1195346972,
            103.3039397187,
            100.4680563598
        ]
    ],
    "Unnamed: 7": [
        [
            2003.0,
            102.9735105432,
            100.8602197195,
            109.0037744547,
            101.076747892,
            100.2084460415,
            102.1704590971,
            100.5211406833,
            102.7064775416,
            101.6728557102,
            105.1122048354,
            104.0353754489
        ],
        [
            2011.0,
            104.3237671322,
            102.5607937245,
            105.6680161943,
            101.1008793187,
            99.915617588,
            101.2989807485,
            100.6096395175,
            109.6656783195,
            101.9924384061,
            94.7402764184,
            101.6075322393,
            100.3531451122,
            98.6341566029,
            147.7218688363,
            88.5196284088,
            113.9533379723,
            110.2295586321,
            99.2502669385,
            76.6039488966,
            89.9276805366
        ]
    ],
    "Unnamed: 8": [
        [
            2004,
            100.6059785592,
            101.1855585456,
            102.8019611687,
            100.4955084126,
            101.6851276505,
            100.1836051209,
            100.5616433299,
            100.8971971295,
            101.762377985,
            99.1859904584,
            89.1213526662
        ],
        [
            2012,
            102.9140578049,
            112.543845166,
            108.6729362591,
            100.7265041939,
            103.1695833165,
            109.0954411751,
            102.582287591,
            102.3786899919,
            101.0544563809,
            95.2163625512,
            101.6761684809,
            101.6256415817,
            97.3233971336,
            103.3232652254,
            116.9975985474,
            103.4285461252,
            104.2231084328,
            88.8083126883,
            114.2712628091,
            107.8142746515
        ]
    ],
    "Unnamed: 9": [
        2013.0,
        102.6578302397,
        102.7063985046,
        102.4137931034,
        103.4472172273,
        100.5118226809,
        100.9297621773,
        102.0650501688,
        101.0440566914,
        102.8390775139,
        101.5453312356,
        101.9033822121,
        101.9868186848,
        101.0427583512,
        102.7919277208,
        104.1041760216,
        101.7247858617,
        108.20373714,
        96.0976068727,
        103.3681654438,
        100.0378648733
    ],