{
    "Pargo":{
        "0":351.9712987013,
        "1":328.3829531338
    },
    "Cherna":{
        "0":41.4551334083,
        "1":50.1601379514
    },
    "T\u00fanidos":{
        "0":549.5876243562,
        "1":460.4682097882
    },
    "Bonito":{
        "0":122.5556607246,
        "1":188.0969164371
    },
    "Biajaiba":{
        "0":646.9194155857,
        "1":569.6931366473
    },
    "Machuelo":{
        "0":568.5360354185,
        "1":294.6306380033
    },
    "Rabirubia":{
        "0":97.7407792208,
        "1":83.2357086392
    },
    "Raya":{
        "0":785.9950819016,
        "1":735.5027928352
    },
    "Carpa":{
        "0":1460.0895600319,
        "1":1481.454685688
    },
    "Tenca":{
        "0":8398.6108398438,
        "1":6454.5739479065
    },
    "Tilapia":{
        "0":1552.1324675325,
        "1":1429.5410163738
    },
    "Claria":{
        "0":2021.6870779395,
        "1":1029.2347459495
    },
    "Cobo":{
        "0":345.537012987,
        "1":328.8010220215
    },
    "Osti\u00f3n":{
        "0":376.0731039047,
        "1":95.3128395081
    },
    "Almeja":{
        "0":108.877987013,
        "1":90.7955251271
    },
    "Langosta":{
        "0":3675.6179141998,
        "1":3522.4730529785
    },
    "Camar\u00f3n de Mar":{
        "0":227.9815016985,
        "1":79.3112984896
    },
    "Camaronicultura":{
        "0":2883.5641937256,
        "1":1945.2843475342
    },
    "Moralla":{
        "0":1230.9390909076,
        "1":1500.3706662804
    }
}