{
    "Productos agropecuarios": {
        "0": 48.223777373,
        "1": 54.1365434406
    },
    "Productos de la Pesca": {
        "0": 76.9162385091,
        "1": 80.3193463348
    },
    "Productos de la industria azucarera": {
        "0": 829.6332506686,
        "1": 973.6737898812
    },
    "Productos de la miner\u00eda": {
        "0": 590.1118663438,
        "1": 533.4136258587
    },
    "Productos de la industria del tabaco": {
        "0": 225.260745889,
        "1": 221.6023211813
    }
}