{
    "Pargo": {
        "0": 351.9712987013
    },
    "Cherna": {
        "0": 41.4551334083
    },
    "T\u00fanidos": {
        "0": 549.5876243562
    },
    "Bonito": {
        "0": 122.5556607246
    },
    "Biajaiba": {
        "0": 646.9194155857
    },
    "Machuelo": {
        "0": 568.5360354185
    },
    "Rabirubia": {
        "0": 97.7407792208
    },
    "Raya": {
        "0": 785.9950819016
    },
    "Carpa": {
        "0": 1460.0895600319
    },
    "Tenca": {
        "0": 8398.6108398438
    },
    "Tilapia": {
        "0": 1552.1324675325
    },
    "Claria": {
        "0": 2021.6870779395
    },
    "Cobo": {
        "0": 345.537012987
    },
    "Osti\u00f3n": {
        "0": 376.0731039047
    },
    "Almeja": {
        "0": 108.877987013
    },
    "Langosta": {
        "0": 3675.6179141998
    },
    "Camar\u00f3n de Mar": {
        "0": 227.9815016985
    },
    "Camaronicultura": {
        "0": 2883.5641937256
    },
    "Moralla": {
        "0": 1230.9390909076
    }
}